{
    "discount_factor": 0.99,
    "risk_aversion": 2, 
    "borrowing_constraint": 1e-15,
    "baseline_policy": 0.15,
    "depreciation_rate": 0.025,
    "output_elasticity_of_capital": 0.36,
    "productivity": 1,
    "job_loss_probability": 0.044444444,
    "job_finding_probability":0.4,
    "replacement_rate": [0.0100000000000000, 0.0410526315789474, 0.0721052631578947, 0.103157894736842, 0.134210526315789, 0.150000000000000, 0.165263157894737, 0.180000000000000, 0.258421052631579, 0.289473684210526, 0.320526315789474, 0.351578947368421, 0.382631578947368, 0.413684210526316, 0.444736842105263, 0.475789473684211, 0.506842105263158,	0.537894736842105, 0.568947368421053, 0.600000000000000],
    "wealth_plotting": 13,
}
